"","names.master.grid."
"1","Cell_ID"
"2","AOD_1_14"
"3","AOD_2_14"
"4","AOD_3_14"
"5","AOD_4_14"
"6","AOD_1_15"
"7","AOD_2_15"
"8","AOD_3_15"
"9","AOD_4_15"
"10","AOD_1_16"
"11","AOD_2_16"
"12","AOD_3_16"
"13","AOD_4_16"
"14","AOD_1_17"
"15","AOD_2_17"
"16","AOD_3_17"
"17","AOD_4_17"
"18","AOD_1_18"
"19","AOD_2_18"
"20","AOD_3_18"
"21","AOD_4_18"
"22","NDVI_1_14"
"23","NDVI_2_14"
"24","NDVI_3_14"
"25","NDVI_4_14"
"26","NDVI_1_15"
"27","NDVI_2_15"
"28","NDVI_3_15"
"29","NDVI_4_15"
"30","NDVI_1_16"
"31","NDVI_2_16"
"32","NDVI_3_16"
"33","NDVI_4_16"
"34","NDVI_1_17"
"35","NDVI_2_17"
"36","NDVI_3_17"
"37","NDVI_4_17"
"38","NDVI_1_18"
"39","NDVI_2_18"
"40","NDVI_3_18"
"41","NDVI_4_18"
"42","BRDF_1_14"
"43","BRDF_2_14"
"44","BRDF_3_14"
"45","BRDF_4_14"
"46","BRDF_1_15"
"47","BRDF_2_15"
"48","BRDF_3_15"
"49","BRDF_4_15"
"50","BRDF_1_16"
"51","BRDF_2_16"
"52","BRDF_3_16"
"53","BRDF_4_16"
"54","BRDF_1_17"
"55","BRDF_2_17"
"56","BRDF_3_17"
"57","BRDF_4_17"
"58","BRDF_1_18"
"59","BRDF_2_18"
"60","BRDF_3_18"
"61","BRDF_4_18"
"62","RdDnsty"
"63","PECount"
"64","Elev"
"65","NO2_1_14"
"66","NO2_2_14"
"67","NO2_3_14"
"68","NO2_4_14"
"69","NO2_1_15"
"70","NO2_2_15"
"71","NO2_3_15"
"72","NO2_4_15"
"73","NO2_1_16"
"74","NO2_2_16"
"75","NO2_3_16"
"76","NO2_4_16"
"77","NO2_1_17"
"78","NO2_2_17"
"79","NO2_3_17"
"80","NO2_4_17"
"81","NO2_1_18"
"82","NO2_2_18"
"83","NO2_3_18"
"84","NO2_4_18"
"85","SO2_1_14"
"86","SO2_2_14"
"87","SO2_3_14"
"88","SO2_4_14"
"89","SO2_1_15"
"90","SO2_2_15"
"91","SO2_3_15"
"92","SO2_4_15"
"93","SO2_1_16"
"94","SO2_2_16"
"95","SO2_3_16"
"96","SO2_4_16"
"97","SO2_1_17"
"98","SO2_2_17"
"99","SO2_3_17"
"100","SO2_4_17"
"101","SO2_1_18"
"102","SO2_2_18"
"103","SO2_3_18"
"104","SO2_4_18"
"105","CO_1_14"
"106","CO_2_14"
"107","CO_3_14"
"108","CO_4_14"
"109","CO_1_15"
"110","CO_2_15"
"111","CO_3_15"
"112","CO_4_15"
"113","CO_1_16"
"114","CO_2_16"
"115","CO_3_16"
"116","CO_4_16"
"117","CO_1_17"
"118","CO_2_17"
"119","CO_3_17"
"120","CO_4_17"
"121","CO_1_18"
"122","CO_2_18"
"123","CO_3_18"
"124","CO_4_18"
"125","Ozone_1_14"
"126","Ozone_2_14"
"127","Ozone_3_14"
"128","Ozone_4_14"
"129","Ozone_1_15"
"130","Ozone_2_15"
"131","Ozone_3_15"
"132","Ozone_4_15"
"133","Ozone_1_16"
"134","Ozone_2_16"
"135","Ozone_3_16"
"136","Ozone_4_16"
"137","Ozone_1_17"
"138","Ozone_2_17"
"139","Ozone_3_17"
"140","Ozone_4_17"
"141","Ozone_1_18"
"142","Ozone_2_18"
"143","Ozone_3_18"
"144","Ozone_4_18"
"145","PM25_1_14"
"146","PM25_2_14"
"147","PM25_3_14"
"148","PM25_4_14"
"149","PM25_1_15"
"150","PM25_2_15"
"151","PM25_3_15"
"152","PM25_4_15"
"153","PM25_1_16"
"154","PM25_2_16"
"155","PM25_3_16"
"156","PM25_4_16"
"157","PM25_1_17"
"158","PM25_2_17"
"159","PM25_3_17"
"160","PM25_4_17"
"161","PM25_1_18"
"162","PM25_2_18"
"163","PM25_3_18"
"164","PM25_4_18"
"165","PM10_1_14"
"166","PM10_2_14"
"167","PM10_3_14"
"168","PM10_4_14"
"169","PM10_1_15"
"170","PM10_2_15"
"171","PM10_3_15"
"172","PM10_4_15"
"173","PM10_1_16"
"174","PM10_2_16"
"175","PM10_3_16"
"176","PM10_4_16"
"177","PM10_1_17"
"178","PM10_2_17"
"179","PM10_3_17"
"180","PM10_4_17"
"181","PM10_1_18"
"182","PM10_2_18"
"183","PM10_3_18"
"184","PM10_4_18"
"185","Lead_1_14"
"186","Lead_2_14"
"187","Lead_3_14"
"188","Lead_4_14"
"189","Lead_1_15"
"190","Lead_2_15"
"191","Lead_3_15"
"192","Lead_4_15"
"193","Lead_1_16"
"194","Lead_2_16"
"195","Lead_3_16"
"196","Lead_4_16"
"197","Lead_1_17"
"198","Lead_2_17"
"199","Lead_3_17"
"200","Lead_4_17"
"201","Lead_1_18"
"202","Lead_2_18"
"203","Lead_3_18"
"204","Lead_4_18"
"205","Temp_1_14"
"206","Temp_2_14"
"207","Temp_3_14"
"208","Temp_4_14"
"209","Temp_1_15"
"210","Temp_2_15"
"211","Temp_3_15"
"212","Temp_4_15"
"213","Temp_1_16"
"214","Temp_2_16"
"215","Temp_3_16"
"216","Temp_4_16"
"217","Temp_1_17"
"218","Temp_2_17"
"219","Temp_3_17"
"220","Temp_4_17"
"221","Temp_1_18"
"222","Temp_2_18"
"223","Temp_3_18"
"224","Temp_4_18"
"225","grn_ndx"
"226","blu_ndx"
"227","gry_ndx"
